{
  "script": "skills/flow-runner-guardrails/scripts/report_guardrails.py",
  "samples": 5,
  "latencies_ms": [
    38.01154199754819,
    38.05512499820907,
    38.601332998950966,
    38.94295801001135,
    39.67062500305474
  ],
  "p95_ms": 38.94295801001135,
  "max_ms": 39.67062500305474,
  "min_ms": 38.01154199754819,
  "mean_ms": 38.65631660155486,
  "cold_start_ms": 1345.5658329912694
}